<metadata xml:lang="en"><Esri><CreaDate>20170810</CreaDate><CreaTime>10124800</CreaTime><ArcGISFormat>1.0</ArcGISFormat><SyncOnce>FALSE</SyncOnce><DataProperties><itemProps><itemName Sync="TRUE">CarySidewalks</itemName><imsContentType Sync="TRUE">002</imsContentType><nativeExtBox><westBL Sync="TRUE">2015069.869226</westBL><eastBL Sync="TRUE">2080235.625049</eastBL><southBL Sync="TRUE">693156.226412</southBL><northBL Sync="TRUE">781717.259920</northBL><exTypeCode Sync="TRUE">1</exTypeCode></nativeExtBox><itemLocation><linkage Sync="TRUE">file://\\ITTHEFL5L\Users\lbritt\Documents\ArcView\ShapeFiles\Cary\CarySidewalks.shp</linkage><protocol Sync="TRUE">Local Area Network</protocol></itemLocation><itemSize Sync="TRUE">0.000</itemSize></itemProps><coordRef><type Sync="TRUE">Projected</type><geogcsn Sync="TRUE">GCS_North_American_1983</geogcsn><csUnits Sync="TRUE">Linear Unit: Foot_US (0.304801)</csUnits><projcsn Sync="TRUE">NAD_1983_StatePlane_North_Carolina_FIPS_3200_Feet</projcsn><peXml Sync="TRUE">&lt;ProjectedCoordinateSystem xsi:type='typens:ProjectedCoordinateSystem' xmlns:xsi='http://www.w3.org/2001/XMLSchema-instance' xmlns:xs='http://www.w3.org/2001/XMLSchema' xmlns:typens='http://www.esri.com/schemas/ArcGIS/10.4'&gt;&lt;WKT&gt;PROJCS[&amp;quot;NAD_1983_StatePlane_North_Carolina_FIPS_3200_Feet&amp;quot;,GEOGCS[&amp;quot;GCS_North_American_1983&amp;quot;,DATUM[&amp;quot;D_North_American_1983&amp;quot;,SPHEROID[&amp;quot;GRS_1980&amp;quot;,6378137.0,298.257222101]],PRIMEM[&amp;quot;Greenwich&amp;quot;,0.0],UNIT[&amp;quot;Degree&amp;quot;,0.0174532925199433]],PROJECTION[&amp;quot;Lambert_Conformal_Conic&amp;quot;],PARAMETER[&amp;quot;False_Easting&amp;quot;,2000000.002616666],PARAMETER[&amp;quot;False_Northing&amp;quot;,0.0],PARAMETER[&amp;quot;Central_Meridian&amp;quot;,-79.0],PARAMETER[&amp;quot;Standard_Parallel_1&amp;quot;,34.33333333333334],PARAMETER[&amp;quot;Standard_Parallel_2&amp;quot;,36.16666666666666],PARAMETER[&amp;quot;Latitude_Of_Origin&amp;quot;,33.75],UNIT[&amp;quot;Foot_US&amp;quot;,0.3048006096012192],AUTHORITY[&amp;quot;EPSG&amp;quot;,2264]]&lt;/WKT&gt;&lt;XOrigin&gt;-121841900&lt;/XOrigin&gt;&lt;YOrigin&gt;-93659000&lt;/YOrigin&gt;&lt;XYScale&gt;36365718.124241434&lt;/XYScale&gt;&lt;ZOrigin&gt;-100000&lt;/ZOrigin&gt;&lt;ZScale&gt;10000&lt;/ZScale&gt;&lt;MOrigin&gt;-100000&lt;/MOrigin&gt;&lt;MScale&gt;10000&lt;/MScale&gt;&lt;XYTolerance&gt;0.0032808333333333331&lt;/XYTolerance&gt;&lt;ZTolerance&gt;0.001&lt;/ZTolerance&gt;&lt;MTolerance&gt;0.001&lt;/MTolerance&gt;&lt;HighPrecision&gt;true&lt;/HighPrecision&gt;&lt;WKID&gt;102719&lt;/WKID&gt;&lt;LatestWKID&gt;2264&lt;/LatestWKID&gt;&lt;/ProjectedCoordinateSystem&gt;</peXml></coordRef><lineage><Process ToolSource="c:\program files (x86)\arcgis\desktop10.4\ArcToolbox\Toolboxes\Conversion Tools.tbx\FeatureClassToFeatureClass" Date="20170811" Time="073812">FeatureClassToFeatureClass "X:\WorkSpaces\EN\Utility Updates\Sidewalks.gdb\Sidewalks" "X:\WorkSpaces\EN\Utility Updates\Sidewalks.gdb" Sidewalks0 # "Location "Location" true true false 55 Text 0 0 ,First,#,X:\WorkSpaces\EN\Utility Updates\Sidewalks.gdb\Sidewalks,Location,-1,-1;YearConstructed "YearConstructed" true true false 20 Text 0 0 ,First,#,X:\WorkSpaces\EN\Utility Updates\Sidewalks.gdb\Sidewalks,YearConstructed,-1,-1;Status "Status" true true false 15 Text 0 0 ,First,#,X:\WorkSpaces\EN\Utility Updates\Sidewalks.gdb\Sidewalks,Status,-1,-1;Surface "Surface" true true false 15 Text 0 0 ,First,#,X:\WorkSpaces\EN\Utility Updates\Sidewalks.gdb\Sidewalks,Surface,-1,-1;Project_Type "Project_Type" true true false 25 Text 0 0 ,First,#,X:\WorkSpaces\EN\Utility Updates\Sidewalks.gdb\Sidewalks,Project_Type,-1,-1;ProjectNumber "ProjectNumber" true true false 30 Text 0 0 ,First,#,X:\WorkSpaces\EN\Utility Updates\Sidewalks.gdb\Sidewalks,ProjectNumber,-1,-1;Notes "Notes" true true false 100 Text 0 0 ,First,#,X:\WorkSpaces\EN\Utility Updates\Sidewalks.gdb\Sidewalks,Notes,-1,-1;Width "Width" true true false 4 Long 0 0 ,First,#,X:\WorkSpaces\EN\Utility Updates\Sidewalks.gdb\Sidewalks,Width,-1,-1;Handicap_Accessible "Handicap Accessible?" true true false 3 Text 0 0 ,First,#,X:\WorkSpaces\EN\Utility Updates\Sidewalks.gdb\Sidewalks,Handicap_Accessible,-1,-1" #</Process><Process ToolSource="c:\program files (x86)\arcgis\desktop10.4\ArcToolbox\Toolboxes\Data Management Tools.tbx\Rename" Date="20170811" Time="073817">Rename "X:\WorkSpaces\EN\Utility Updates\Sidewalks.gdb\Sidewalks0" "X:\WorkSpaces\EN\Utility Updates\Sidewalks.gdb\Sidewalks" FeatureClass</Process><Process ToolSource="c:\program files (x86)\arcgis\desktop10.4\ArcToolbox\Toolboxes\Data Management Tools.tbx\CalculateField" Date="20170811" Time="082323">CalculateField Sidewalks Status "EXISTING" VB #</Process><Process ToolSource="c:\program files (x86)\arcgis\desktop10.4\ArcToolbox\Toolboxes\Data Management Tools.tbx\CalculateField" Date="20170811" Time="082528">CalculateField Sidewalks Status "EXISITNG" VB #</Process><Process ToolSource="c:\program files (x86)\arcgis\desktop10.4\ArcToolbox\Toolboxes\Data Management Tools.tbx\CalculateField" Date="20170811" Time="082818">CalculateField Sidewalks Status "EXISITNG" VB #</Process><Process ToolSource="c:\program files (x86)\arcgis\desktop10.4\ArcToolbox\Toolboxes\Data Management Tools.tbx\CalculateField" Date="20170811" Time="083403">CalculateField Sidewalks Surface " CONCRETE" VB #</Process><Process ToolSource="c:\program files (x86)\arcgis\desktop10.4\ArcToolbox\Toolboxes\Data Management Tools.tbx\CalculateField" Date="20170811" Time="083531">CalculateField Sidewalks Surface "CONCRETE" VB #</Process><Process ToolSource="c:\program files (x86)\arcgis\desktop10.4\ArcToolbox\Toolboxes\Conversion Tools.tbx\FeatureClassToFeatureClass" Date="20170811" Time="090944">FeatureClassToFeatureClass "X:\WorkSpaces\EN\Utility Updates\Sidewalks.gdb\Sidewalks" "X:\WorkSpaces\EN\Utility Updates\Sidewalks.gdb" Sidewalks0 # "Location "Location" true true false 55 Text 0 0 ,First,#,X:\WorkSpaces\EN\Utility Updates\Sidewalks.gdb\Sidewalks,Location,-1,-1;YearConstructed "YearConstructed" true true false 20 Text 0 0 ,First,#,X:\WorkSpaces\EN\Utility Updates\Sidewalks.gdb\Sidewalks,YearConstructed,-1,-1;Status "Status" true true false 15 Text 0 0 ,First,#,X:\WorkSpaces\EN\Utility Updates\Sidewalks.gdb\Sidewalks,Status,-1,-1;Surface "Surface" true true false 15 Text 0 0 ,First,#,X:\WorkSpaces\EN\Utility Updates\Sidewalks.gdb\Sidewalks,Surface,-1,-1;OwnMaintain "Owned/Maintained By" true true false 50 Text 0 0 ,First,#,X:\WorkSpaces\EN\Utility Updates\Sidewalks.gdb\Sidewalks,OwnMaintain,-1,-1;Project_Type "Project_Type" true true false 25 Text 0 0 ,First,#,X:\WorkSpaces\EN\Utility Updates\Sidewalks.gdb\Sidewalks,Project_Type,-1,-1;ProjectNumber "ProjectNumber" true true false 30 Text 0 0 ,First,#,X:\WorkSpaces\EN\Utility Updates\Sidewalks.gdb\Sidewalks,ProjectNumber,-1,-1;Notes "Notes" true true false 100 Text 0 0 ,First,#,X:\WorkSpaces\EN\Utility Updates\Sidewalks.gdb\Sidewalks,Notes,-1,-1;Width "Width" true true false 4 Long 0 0 ,First,#,X:\WorkSpaces\EN\Utility Updates\Sidewalks.gdb\Sidewalks,Width,-1,-1;Handicap_Accessible "Handicap Accessible?" true true false 3 Text 0 0 ,First,#,X:\WorkSpaces\EN\Utility Updates\Sidewalks.gdb\Sidewalks,Handicap_Accessible,-1,-1" #</Process><Process ToolSource="c:\program files (x86)\arcgis\desktop10.4\ArcToolbox\Toolboxes\Data Management Tools.tbx\Rename" Date="20170811" Time="090951">Rename "X:\WorkSpaces\EN\Utility Updates\Sidewalks.gdb\Sidewalks0" "X:\WorkSpaces\EN\Utility Updates\Sidewalks.gdb\Sidewalks" FeatureClass</Process><Process ToolSource="c:\program files (x86)\arcgis\desktop10.4\ArcToolbox\Toolboxes\Conversion Tools.tbx\FeatureClassToFeatureClass" Date="20170811" Time="142802">FeatureClassToFeatureClass "X:\WorkSpaces\EN\Utility Updates\Sidewalks.gdb\Sidewalks" "X:\WorkSpaces\EN\Utility Updates\Sidewalks.gdb" Sidewalks0 # "Location "Location" true true false 55 Text 0 0 ,First,#,X:\WorkSpaces\EN\Utility Updates\Sidewalks.gdb\Sidewalks,Location,-1,-1;Width "Width" true true false 4 Long 0 0 ,First,#,X:\WorkSpaces\EN\Utility Updates\Sidewalks.gdb\Sidewalks,Width,-1,-1;YearConstructed "YearConstructed" true true false 20 Text 0 0 ,First,#,X:\WorkSpaces\EN\Utility Updates\Sidewalks.gdb\Sidewalks,YearConstructed,-1,-1;Status "Status" true true false 15 Text 0 0 ,First,#,X:\WorkSpaces\EN\Utility Updates\Sidewalks.gdb\Sidewalks,Status,-1,-1;Surface "Surface" true true false 15 Text 0 0 ,First,#,X:\WorkSpaces\EN\Utility Updates\Sidewalks.gdb\Sidewalks,Surface,-1,-1;OwnMaintain "Owned/Maintained By" true true false 50 Text 0 0 ,First,#,X:\WorkSpaces\EN\Utility Updates\Sidewalks.gdb\Sidewalks,OwnMaintain,-1,-1;Handicap_Accessible "Handicap Accessible?" true true false 3 Text 0 0 ,First,#,X:\WorkSpaces\EN\Utility Updates\Sidewalks.gdb\Sidewalks,Handicap_Accessible,-1,-1;Project_Type "Project_Type" true true false 25 Text 0 0 ,First,#,X:\WorkSpaces\EN\Utility Updates\Sidewalks.gdb\Sidewalks,Project_Type,-1,-1;ProjectNumber "ProjectNumber" true true false 30 Text 0 0 ,First,#,X:\WorkSpaces\EN\Utility Updates\Sidewalks.gdb\Sidewalks,ProjectNumber,-1,-1;Notes "Notes" true true false 100 Text 0 0 ,First,#,X:\WorkSpaces\EN\Utility Updates\Sidewalks.gdb\Sidewalks,Notes,-1,-1" #</Process><Process ToolSource="c:\program files (x86)\arcgis\desktop10.4\ArcToolbox\Toolboxes\Data Management Tools.tbx\Rename" Date="20170811" Time="142808">Rename "X:\WorkSpaces\EN\Utility Updates\Sidewalks.gdb\Sidewalks0" "X:\WorkSpaces\EN\Utility Updates\Sidewalks.gdb\Sidewalks" FeatureClass</Process><Process ToolSource="c:\program files (x86)\arcgis\desktop10.4\ArcToolbox\Toolboxes\Conversion Tools.tbx\FeatureClassToFeatureClass" Date="20170811" Time="142951">FeatureClassToFeatureClass "X:\WorkSpaces\EN\Utility Updates\Sidewalks.gdb\Sidewalks" "X:\WorkSpaces\EN\Utility Updates\Sidewalks.gdb" Sidewalks0 # "Location "Location" true true false 55 Text 0 0 ,First,#,X:\WorkSpaces\EN\Utility Updates\Sidewalks.gdb\Sidewalks,Location,-1,-1;Width "Width" true true false 4 Long 0 0 ,First,#,X:\WorkSpaces\EN\Utility Updates\Sidewalks.gdb\Sidewalks,Width,-1,-1;Status "Status" true true false 15 Text 0 0 ,First,#,X:\WorkSpaces\EN\Utility Updates\Sidewalks.gdb\Sidewalks,Status,-1,-1;Surface "Surface" true true false 15 Text 0 0 ,First,#,X:\WorkSpaces\EN\Utility Updates\Sidewalks.gdb\Sidewalks,Surface,-1,-1;OwnMaintain "Owned/Maintained By" true true false 50 Text 0 0 ,First,#,X:\WorkSpaces\EN\Utility Updates\Sidewalks.gdb\Sidewalks,OwnMaintain,-1,-1;YearConstructed "YearConstructed" true true false 20 Text 0 0 ,First,#,X:\WorkSpaces\EN\Utility Updates\Sidewalks.gdb\Sidewalks,YearConstructed,-1,-1;Handicap_Accessible "Handicap Accessible?" true true false 3 Text 0 0 ,First,#,X:\WorkSpaces\EN\Utility Updates\Sidewalks.gdb\Sidewalks,Handicap_Accessible,-1,-1;Project_Type "Project_Type" true true false 25 Text 0 0 ,First,#,X:\WorkSpaces\EN\Utility Updates\Sidewalks.gdb\Sidewalks,Project_Type,-1,-1;ProjectNumber "ProjectNumber" true true false 30 Text 0 0 ,First,#,X:\WorkSpaces\EN\Utility Updates\Sidewalks.gdb\Sidewalks,ProjectNumber,-1,-1;Notes "Notes" true true false 100 Text 0 0 ,First,#,X:\WorkSpaces\EN\Utility Updates\Sidewalks.gdb\Sidewalks,Notes,-1,-1" #</Process><Process ToolSource="c:\program files (x86)\arcgis\desktop10.4\ArcToolbox\Toolboxes\Data Management Tools.tbx\Rename" Date="20170811" Time="142957">Rename "X:\WorkSpaces\EN\Utility Updates\Sidewalks.gdb\Sidewalks0" "X:\WorkSpaces\EN\Utility Updates\Sidewalks.gdb\Sidewalks" FeatureClass</Process><Process ToolSource="c:\program files (x86)\arcgis\desktop10.4\ArcToolbox\Toolboxes\Data Management Tools.tbx\CalculateField" Date="20170811" Time="144001">CalculateField Sidewalks OwnMaintain "PRIVATE" VB #</Process><Process ToolSource="c:\program files (x86)\arcgis\desktop10.4\ArcToolbox\Toolboxes\Data Management Tools.tbx\CalculateField" Date="20170811" Time="145438">CalculateField Sidewalks Status "EXISTING" VB #</Process><Process ToolSource="c:\program files (x86)\arcgis\desktop10.4\ArcToolbox\Toolboxes\Data Management Tools.tbx\CalculateField" Date="20170811" Time="150422">CalculateField Sidewalks Status "EXISTING" VB #</Process><Process ToolSource="c:\program files (x86)\arcgis\desktop10.4\ArcToolbox\Toolboxes\Data Management Tools.tbx\CalculateField" Date="20170811" Time="153303">CalculateField Sidewalks Project_Type "OTHERGOV" VB #</Process><Process ToolSource="c:\program files (x86)\arcgis\desktop10.4\ArcToolbox\Toolboxes\Data Management Tools.tbx\CalculateField" Date="20170811" Time="153445">CalculateField Sidewalks OwnMaintain "CARY" VB #</Process><Process ToolSource="c:\program files (x86)\arcgis\desktop10.4\ArcToolbox\Toolboxes\Data Management Tools.tbx\CalculateField" Date="20170811" Time="153912">CalculateField Sidewalks OwnMaintain "CARY" VB #</Process><Process ToolSource="c:\program files (x86)\arcgis\desktop10.4\ArcToolbox\Toolboxes\Data Management Tools.tbx\CalculateField" Date="20170811" Time="154004">CalculateField Sidewalks Project_Type "OTHERGOV" VB #</Process><Process ToolSource="c:\program files (x86)\arcgis\desktop10.4\ArcToolbox\Toolboxes\Data Management Tools.tbx\CalculateField" Date="20170811" Time="155944">CalculateField Sidewalks Project_Type "OTHERGOV" VB #</Process><Process ToolSource="c:\program files (x86)\arcgis\desktop10.4\ArcToolbox\Toolboxes\Data Management Tools.tbx\CalculateField" Date="20170811" Time="155958">CalculateField Sidewalks OwnMaintain "CARY" VB #</Process><Process ToolSource="c:\program files (x86)\arcgis\desktop10.4\ArcToolbox\Toolboxes\Data Management Tools.tbx\CalculateField" Date="20170811" Time="160109">CalculateField Sidewalks Project_Type "DEVELOPER" VB #</Process><Process ToolSource="c:\program files (x86)\arcgis\desktop10.4\ArcToolbox\Toolboxes\Data Management Tools.tbx\CalculateField" Date="20170811" Time="160124">CalculateField Sidewalks OwnMaintain "CARY" VB #</Process><Process ToolSource="c:\program files (x86)\arcgis\desktop10.4\ArcToolbox\Toolboxes\Data Management Tools.tbx\CalculateField" Date="20170811" Time="160517">CalculateField Sidewalks OwnMaintain "CARY" VB #</Process></lineage></DataProperties><SyncDate>20181024</SyncDate><SyncTime>16115900</SyncTime><ModDate>20181024</ModDate><ModTime>16115900</ModTime></Esri><dataIdInfo><envirDesc Sync="TRUE"> Version 6.2 (Build 9200) ; Esri ArcGIS 10.4.1.5686</envirDesc><dataLang><languageCode value="eng" Sync="TRUE"/><countryCode value="USA" Sync="TRUE"/></dataLang><idCitation><resTitle Sync="TRUE">CarySidewalks</resTitle><presForm><PresFormCd value="005" Sync="TRUE"/></presForm></idCitation><spatRpType><SpatRepTypCd value="001" Sync="TRUE"/></spatRpType><dataExt><geoEle><GeoBndBox esriExtentType="search"><exTypeCode Sync="TRUE">1</exTypeCode><westBL Sync="TRUE">-78.949271</westBL><eastBL Sync="TRUE">-78.729094</eastBL><northBL Sync="TRUE">35.897848</northBL><southBL Sync="TRUE">35.654255</southBL></GeoBndBox></geoEle></dataExt></dataIdInfo><mdLang><languageCode value="eng" Sync="TRUE"/><countryCode value="USA" Sync="TRUE"/></mdLang><mdChar><CharSetCd value="004" Sync="TRUE"/></mdChar><distInfo><distFormat><formatName Sync="TRUE">Shapefile</formatName></distFormat><distTranOps><transSize Sync="TRUE">0.000</transSize></distTranOps></distInfo><mdHrLv><ScopeCd value="005" Sync="TRUE"/></mdHrLv><mdHrLvName Sync="TRUE">dataset</mdHrLvName><refSysInfo><RefSystem><refSysID><identCode code="2264" Sync="TRUE"/><idCodeSpace Sync="TRUE">EPSG</idCodeSpace><idVersion Sync="TRUE">6.12(9.0.0)</idVersion></refSysID></RefSystem></refSysInfo><spatRepInfo><VectSpatRep><geometObjs Name="CarySidewalks"><geoObjTyp><GeoObjTypCd value="002" Sync="TRUE"></GeoObjTypCd></geoObjTyp><geoObjCnt Sync="TRUE">0</geoObjCnt></geometObjs><topLvl><TopoLevCd value="001" Sync="TRUE"></TopoLevCd></topLvl></VectSpatRep></spatRepInfo><spdoinfo><ptvctinf><esriterm Name="CarySidewalks"><efeatyp Sync="TRUE">Simple</efeatyp><efeageom code="3" Sync="TRUE"></efeageom><esritopo Sync="TRUE">FALSE</esritopo><efeacnt Sync="TRUE">0</efeacnt><spindex Sync="TRUE">FALSE</spindex><linrefer Sync="TRUE">FALSE</linrefer></esriterm></ptvctinf></spdoinfo><eainfo><detailed Name="CarySidewalks"><enttyp><enttypl Sync="TRUE">CarySidewalks</enttypl><enttypt Sync="TRUE">Feature Class</enttypt><enttypc Sync="TRUE">0</enttypc></enttyp><attr><attrlabl Sync="TRUE">FID</attrlabl><attalias Sync="TRUE">FID</attalias><attrtype Sync="TRUE">OID</attrtype><attwidth Sync="TRUE">4</attwidth><atprecis Sync="TRUE">0</atprecis><attscale Sync="TRUE">0</attscale><attrdef Sync="TRUE">Internal feature number.</attrdef><attrdefs Sync="TRUE">Esri</attrdefs><attrdomv><udom Sync="TRUE">Sequential unique whole numbers that are automatically generated.</udom></attrdomv></attr><attr><attrlabl Sync="TRUE">Location</attrlabl><attalias Sync="TRUE">Location</attalias><attrtype Sync="TRUE">String</attrtype><attwidth Sync="TRUE">55</attwidth><atprecis Sync="TRUE">0</atprecis><attscale Sync="TRUE">0</attscale></attr><attr><attrlabl Sync="TRUE">Status</attrlabl><attalias Sync="TRUE">Status</attalias><attrtype Sync="TRUE">String</attrtype><attwidth Sync="TRUE">15</attwidth><atprecis Sync="TRUE">0</atprecis><attscale Sync="TRUE">0</attscale></attr><attr><attrlabl Sync="TRUE">Surface</attrlabl><attalias Sync="TRUE">Surface</attalias><attrtype Sync="TRUE">String</attrtype><attwidth Sync="TRUE">15</attwidth><atprecis Sync="TRUE">0</atprecis><attscale Sync="TRUE">0</attscale></attr><attr><attrlabl Sync="TRUE">Notes</attrlabl><attalias Sync="TRUE">Notes</attalias><attrtype Sync="TRUE">String</attrtype><attwidth Sync="TRUE">100</attwidth><atprecis Sync="TRUE">0</atprecis><attscale Sync="TRUE">0</attscale></attr><attr><attrlabl Sync="TRUE">Width</attrlabl><attalias Sync="TRUE">Width</attalias><attrtype Sync="TRUE">Integer</attrtype><attwidth Sync="TRUE">10</attwidth><atprecis Sync="TRUE">10</atprecis><attscale Sync="TRUE">0</attscale></attr><attr><attrlabl Sync="TRUE">OwnMaintai</attrlabl><attalias Sync="TRUE">OwnMaintai</attalias><attrtype Sync="TRUE">String</attrtype><attwidth Sync="TRUE">50</attwidth><atprecis Sync="TRUE">0</atprecis><attscale Sync="TRUE">0</attscale></attr><attr><attrlabl Sync="TRUE">YearConstr</attrlabl><attalias Sync="TRUE">YearConstr</attalias><attrtype Sync="TRUE">String</attrtype><attwidth Sync="TRUE">20</attwidth><atprecis Sync="TRUE">0</atprecis><attscale Sync="TRUE">0</attscale></attr><attr><attrlabl Sync="TRUE">Handicap_A</attrlabl><attalias Sync="TRUE">Handicap_A</attalias><attrtype Sync="TRUE">String</attrtype><attwidth Sync="TRUE">3</attwidth><atprecis Sync="TRUE">0</atprecis><attscale Sync="TRUE">0</attscale></attr><attr><attrlabl Sync="TRUE">Project_Ty</attrlabl><attalias Sync="TRUE">Project_Ty</attalias><attrtype Sync="TRUE">String</attrtype><attwidth Sync="TRUE">25</attwidth><atprecis Sync="TRUE">0</atprecis><attscale Sync="TRUE">0</attscale></attr><attr><attrlabl Sync="TRUE">ProjectNum</attrlabl><attalias Sync="TRUE">ProjectNum</attalias><attrtype Sync="TRUE">String</attrtype><attwidth Sync="TRUE">30</attwidth><atprecis Sync="TRUE">0</atprecis><attscale Sync="TRUE">0</attscale></attr><attr><attrlabl Sync="TRUE">SHAPE</attrlabl><attalias Sync="TRUE">Shape</attalias><attrtype Sync="TRUE">Geometry</attrtype><attwidth Sync="TRUE">0</attwidth><atprecis Sync="TRUE">0</atprecis><attscale Sync="TRUE">0</attscale><attrdef Sync="TRUE">Feature geometry.</attrdef><attrdefs Sync="TRUE">Esri</attrdefs><attrdomv><udom Sync="TRUE">Coordinates defining the features.</udom></attrdomv></attr><attr><attrlabl Sync="TRUE">Shape_STLe</attrlabl><attalias Sync="TRUE">Shape_STLe</attalias><attrtype Sync="TRUE">Double</attrtype><attwidth Sync="TRUE">19</attwidth><atprecis Sync="TRUE">0</atprecis><attscale Sync="TRUE">0</attscale></attr></detailed></eainfo><mdDateSt Sync="TRUE">20181024</mdDateSt></metadata>
