<metadata xml:lang="en"><Esri><CreaDate>20170919</CreaDate><CreaTime>20002600</CreaTime><ArcGISFormat>1.0</ArcGISFormat><SyncOnce>FALSE</SyncOnce><DataProperties><lineage><Process ToolSource="c:\program files (x86)\arcgis\desktop10.1\ArcToolbox\Toolboxes\Data Management Tools.tbx\CalculateField" Date="20170816" Time="130203">CalculateField Sidewalks\publicworks.PUBLICWORKS.Sidewalks FACILITYID nID VB "dim nID\nif [FACILITYID] &gt; 0 or [FACILITYID] &lt; 10 then\nnID = 0000 &amp; [FACILITYID]\nend if\n"</Process><Process ToolSource="c:\program files (x86)\arcgis\desktop10.1\ArcToolbox\Toolboxes\Data Management Tools.tbx\CalculateField" Date="20170816" Time="131553">CalculateField Sidewalks\publicworks.PUBLICWORKS.Sidewalks FACILITYID nID VB "dim nID\n\nnid = right("00000" + [FACILITYID],5)"</Process><Process ToolSource="c:\program files (x86)\arcgis\desktop10.1\ArcToolbox\Toolboxes\Data Management Tools.tbx\CalculateField" Date="20170816" Time="132118">CalculateField Sidewalks\publicworks.PUBLICWORKS.Sidewalks FACILITYID nID VB "dim nID\n\nnid = right("00000" + [OBJECTID] ,5)"</Process><Process ToolSource="c:\program files (x86)\arcgis\desktop10.1\ArcToolbox\Toolboxes\Data Management Tools.tbx\CalculateField" Date="20170816" Time="132136">CalculateField Sidewalks\publicworks.PUBLICWORKS.Sidewalks FACILITYID nID VB "dim nID\n\nnid = right("00000" + [FACILITYID] ,5)"</Process><Process ToolSource="c:\program files (x86)\arcgis\desktop10.1\ArcToolbox\Toolboxes\Data Management Tools.tbx\CalculateField" Date="20170817" Time="161147">CalculateField Sidewalks\publicworks.PUBLICWORKS.Sidewalks FACILITYID nid VB "dim nID\n\nnid = [OBJECTID] + 10000"</Process><Process ToolSource="c:\program files (x86)\arcgis\desktop10.2\ArcToolbox\Toolboxes\Data Management Tools.tbx\Append" Date="20170901" Time="154746">Append SidewalksEDIT SidewalksPUBLICWORKS NO_TEST "FACILITYID "FACILITYID" true true false 20 Text 0 0 ,First,#,SidewalksEDIT,FACILITYID,-1,-1;LEGACYID "LEGACYID" true true false 20 Text 0 0 ,First,#,SidewalksEDIT,LEGACYID,-1,-1;WIDTH "Width" true true false 20 Text 0 0 ,First,#,SidewalksEDIT,WIDTH,-1,-1;MATERIAL "Material" true true false 20 Text 0 0 ,First,#,SidewalksEDIT,MATERIAL,-1,-1;SOURCE "Source" true true false 30 Text 0 0 ,First,#,SidewalksEDIT,SOURCE,-1,-1;INSTALLYEAR "InstallYear" true true false 4 Text 0 0 ,First,#,SidewalksEDIT,INSTALLYEAR,-1,-1;OWNER "Owner" true true false 25 Text 0 0 ,First,#,SidewalksEDIT,OWNER,-1,-1;MAINTENANCE "Maintenance" true true false 50 Text 0 0 ,First,#,SidewalksEDIT,MAINTENANCE,-1,-1;STREETNAME "StreetName" true true false 35 Text 0 0 ,First,#,SidewalksEDIT,STREETNAME,-1,-1;COMMENT "Comment" true true false 255 Text 0 0 ,First,#,SidewalksEDIT,COMMENT,-1,-1;CONTRACTNUMBER "ContractNumber" true true false 6 Text 0 0 ,First,#,SidewalksEDIT,CONTRACTNUMBER,-1,-1;FUNCCLASS "FunctionalClass" true true false 100 Text 0 0 ,First,#,SidewalksEDIT,FUNCCLASS,-1,-1;CREATEDBY "CREATEDBY" true true false 50 Text 0 0 ,First,#,SidewalksEDIT,CREATEDBY,-1,-1;CREATEDWHEN "CREATEDWHEN" true true false 36 Date 0 0 ,First,#,SidewalksEDIT,CREATEDWHEN,-1,-1;EDITEDBY "EDITEDBY" true true false 30 Text 0 0 ,First,#,SidewalksEDIT,EDITEDBY,-1,-1;EDITEDWHEN "EDITEDWHEN" true true false 36 Date 0 0 ,First,#,SidewalksEDIT,EDITEDWHEN,-1,-1;GlobalID "GlobalID" false false true 38 GlobalID 0 0 ,First,#,SidewalksEDIT,GlobalID,-1,-1;SHAPE.STLength() "SHAPE.STLength()" false false true 0 Double 0 0 ,First,#" #</Process><Process ToolSource="c:\program files (x86)\arcgis\desktop10.2\ArcToolbox\Toolboxes\Data Management Tools.tbx\CalculateField" Date="20170906" Time="100431">CalculateField "Pedestrian Facilities\SidewalksPUBLICWORKS" FACILITYID val VB "dim val\nval = [OBJECTID] + 1301"</Process><Process ToolSource="c:\program files (x86)\arcgis\desktop10.2\ArcToolbox\Toolboxes\Data Management Tools.tbx\CalculateField" Date="20170906" Time="100836">CalculateField "Pedestrian Facilities\SidewalksPUBLICWORKS" MAINTENANCE [OWNER] VB #</Process><Process ToolSource="c:\program files (x86)\arcgis\desktop10.2\ArcToolbox\Toolboxes\Data Management Tools.tbx\CalculateField" Date="20170912" Time="152710">CalculateField "New Sidewalks" MATERIAL Concrete VB #</Process><Process ToolSource="c:\program files (x86)\arcgis\desktop10.2\ArcToolbox\Toolboxes\Data Management Tools.tbx\CalculateField" Date="20170912" Time="152758">CalculateField "New Sidewalks" MATERIAL 'Concrete' PYTHON_9.3 #</Process></lineage><itemProps><itemLocation><linkage Sync="TRUE">file://\\TS-103175PD\C$\Users\quayetri\Desktop\Sidewalks.shp</linkage><protocol Sync="TRUE">Local Area Network</protocol></itemLocation><itemName Sync="TRUE">Sidewalks</itemName><imsContentType Sync="TRUE">002</imsContentType><itemSize Sync="TRUE">0.000</itemSize></itemProps><coordRef><type Sync="TRUE">Projected</type><geogcsn Sync="TRUE">GCS_North_American_1983</geogcsn><csUnits Sync="TRUE">Linear Unit: Foot_US (0.304801)</csUnits><projcsn Sync="TRUE">NAD_1983_StatePlane_North_Carolina_FIPS_3200_Feet</projcsn><peXml Sync="TRUE">&lt;ProjectedCoordinateSystem xsi:type='typens:ProjectedCoordinateSystem' xmlns:xsi='http://www.w3.org/2001/XMLSchema-instance' xmlns:xs='http://www.w3.org/2001/XMLSchema' xmlns:typens='http://www.esri.com/schemas/ArcGIS/10.5'&gt;&lt;WKT&gt;PROJCS[&amp;quot;NAD_1983_StatePlane_North_Carolina_FIPS_3200_Feet&amp;quot;,GEOGCS[&amp;quot;GCS_North_American_1983&amp;quot;,DATUM[&amp;quot;D_North_American_1983&amp;quot;,SPHEROID[&amp;quot;GRS_1980&amp;quot;,6378137.0,298.257222101]],PRIMEM[&amp;quot;Greenwich&amp;quot;,0.0],UNIT[&amp;quot;Degree&amp;quot;,0.0174532925199433]],PROJECTION[&amp;quot;Lambert_Conformal_Conic&amp;quot;],PARAMETER[&amp;quot;False_Easting&amp;quot;,2000000.002616666],PARAMETER[&amp;quot;False_Northing&amp;quot;,0.0],PARAMETER[&amp;quot;Central_Meridian&amp;quot;,-79.0],PARAMETER[&amp;quot;Standard_Parallel_1&amp;quot;,34.33333333333334],PARAMETER[&amp;quot;Standard_Parallel_2&amp;quot;,36.16666666666666],PARAMETER[&amp;quot;Latitude_Of_Origin&amp;quot;,33.75],UNIT[&amp;quot;Foot_US&amp;quot;,0.3048006096012192],AUTHORITY[&amp;quot;EPSG&amp;quot;,2264]]&lt;/WKT&gt;&lt;XOrigin&gt;-121841900&lt;/XOrigin&gt;&lt;YOrigin&gt;-93659000&lt;/YOrigin&gt;&lt;XYScale&gt;36365718.124241434&lt;/XYScale&gt;&lt;ZOrigin&gt;-100000&lt;/ZOrigin&gt;&lt;ZScale&gt;10000&lt;/ZScale&gt;&lt;MOrigin&gt;-100000&lt;/MOrigin&gt;&lt;MScale&gt;10000&lt;/MScale&gt;&lt;XYTolerance&gt;0.0032808333333333331&lt;/XYTolerance&gt;&lt;ZTolerance&gt;0.001&lt;/ZTolerance&gt;&lt;MTolerance&gt;0.001&lt;/MTolerance&gt;&lt;HighPrecision&gt;true&lt;/HighPrecision&gt;&lt;WKID&gt;102719&lt;/WKID&gt;&lt;LatestWKID&gt;2264&lt;/LatestWKID&gt;&lt;/ProjectedCoordinateSystem&gt;</peXml></coordRef></DataProperties><SyncDate>20181017</SyncDate><SyncTime>09461700</SyncTime><ModDate>20181017</ModDate><ModTime>09461700</ModTime></Esri><dataIdInfo><envirDesc Sync="TRUE">Microsoft Windows 7 Version 6.1 (Build 7601) Service Pack 1; Esri ArcGIS 10.5.1.7333</envirDesc><dataLang><languageCode value="eng" Sync="TRUE"></languageCode><countryCode value="USA" Sync="TRUE"></countryCode></dataLang><idCitation><resTitle Sync="TRUE">Sidewalks</resTitle><presForm><PresFormCd value="005" Sync="TRUE"></PresFormCd></presForm></idCitation><spatRpType><SpatRepTypCd value="001" Sync="TRUE"></SpatRepTypCd></spatRpType></dataIdInfo><mdLang><languageCode value="eng" Sync="TRUE"></languageCode><countryCode value="USA" Sync="TRUE"></countryCode></mdLang><distInfo><distFormat><formatName Sync="TRUE">Shapefile</formatName></distFormat><distTranOps><transSize Sync="TRUE">0.000</transSize></distTranOps></distInfo><mdHrLv><ScopeCd value="005" Sync="TRUE"></ScopeCd></mdHrLv><mdHrLvName Sync="TRUE">dataset</mdHrLvName><refSysInfo><RefSystem><refSysID><identCode code="2264" Sync="TRUE"></identCode><idCodeSpace Sync="TRUE">EPSG</idCodeSpace><idVersion Sync="TRUE">6.12(9.0.0)</idVersion></refSysID></RefSystem></refSysInfo><spatRepInfo><VectSpatRep><geometObjs Name="Sidewalks"><geoObjTyp><GeoObjTypCd value="002" Sync="TRUE"></GeoObjTypCd></geoObjTyp><geoObjCnt Sync="TRUE">0</geoObjCnt></geometObjs><topLvl><TopoLevCd value="001" Sync="TRUE"></TopoLevCd></topLvl></VectSpatRep></spatRepInfo><spdoinfo><ptvctinf><esriterm Name="Sidewalks"><efeatyp Sync="TRUE">Simple</efeatyp><efeageom code="3" Sync="TRUE"></efeageom><esritopo Sync="TRUE">FALSE</esritopo><efeacnt Sync="TRUE">0</efeacnt><spindex Sync="TRUE">FALSE</spindex><linrefer Sync="TRUE">FALSE</linrefer></esriterm></ptvctinf></spdoinfo><eainfo><detailed Name="Sidewalks"><enttyp><enttypl Sync="TRUE">Sidewalks</enttypl><enttypt Sync="TRUE">Feature Class</enttypt><enttypc Sync="TRUE">0</enttypc></enttyp><attr><attrlabl Sync="TRUE">FID</attrlabl><attalias Sync="TRUE">FID</attalias><attrtype Sync="TRUE">OID</attrtype><attwidth Sync="TRUE">4</attwidth><atprecis Sync="TRUE">0</atprecis><attscale Sync="TRUE">0</attscale><attrdef Sync="TRUE">Internal feature number.</attrdef><attrdefs Sync="TRUE">Esri</attrdefs><attrdomv><udom Sync="TRUE">Sequential unique whole numbers that are automatically generated.</udom></attrdomv></attr><attr><attrlabl Sync="TRUE">Shape</attrlabl><attalias Sync="TRUE">Shape</attalias><attrtype Sync="TRUE">Geometry</attrtype><attwidth Sync="TRUE">0</attwidth><atprecis Sync="TRUE">0</atprecis><attscale Sync="TRUE">0</attscale><attrdef Sync="TRUE">Feature geometry.</attrdef><attrdefs Sync="TRUE">Esri</attrdefs><attrdomv><udom Sync="TRUE">Coordinates defining the features.</udom></attrdomv></attr><attr><attrlabl Sync="TRUE">FACILITYID</attrlabl><attalias Sync="TRUE">FACILITYID</attalias><attrtype Sync="TRUE">String</attrtype><attwidth Sync="TRUE">20</attwidth><atprecis Sync="TRUE">0</atprecis><attscale Sync="TRUE">0</attscale></attr><attr><attrlabl Sync="TRUE">LEGACYID</attrlabl><attalias Sync="TRUE">LEGACYID</attalias><attrtype Sync="TRUE">String</attrtype><attwidth Sync="TRUE">20</attwidth><atprecis Sync="TRUE">0</atprecis><attscale Sync="TRUE">0</attscale></attr><attr><attrlabl Sync="TRUE">WIDTH</attrlabl><attalias Sync="TRUE">WIDTH</attalias><attrtype Sync="TRUE">String</attrtype><attwidth Sync="TRUE">20</attwidth><atprecis Sync="TRUE">0</atprecis><attscale Sync="TRUE">0</attscale></attr><attr><attrlabl Sync="TRUE">MATERIAL</attrlabl><attalias Sync="TRUE">MATERIAL</attalias><attrtype Sync="TRUE">String</attrtype><attwidth Sync="TRUE">20</attwidth><atprecis Sync="TRUE">0</atprecis><attscale Sync="TRUE">0</attscale></attr><attr><attrlabl Sync="TRUE">SOURCE</attrlabl><attalias Sync="TRUE">SOURCE</attalias><attrtype Sync="TRUE">String</attrtype><attwidth Sync="TRUE">30</attwidth><atprecis Sync="TRUE">0</atprecis><attscale Sync="TRUE">0</attscale></attr><attr><attrlabl Sync="TRUE">INSTALLYEA</attrlabl><attalias Sync="TRUE">INSTALLYEA</attalias><attrtype Sync="TRUE">String</attrtype><attwidth Sync="TRUE">4</attwidth><atprecis Sync="TRUE">0</atprecis><attscale Sync="TRUE">0</attscale></attr><attr><attrlabl Sync="TRUE">OWNER</attrlabl><attalias Sync="TRUE">OWNER</attalias><attrtype Sync="TRUE">String</attrtype><attwidth Sync="TRUE">25</attwidth><atprecis Sync="TRUE">0</atprecis><attscale Sync="TRUE">0</attscale></attr><attr><attrlabl Sync="TRUE">MAINTENANC</attrlabl><attalias Sync="TRUE">MAINTENANC</attalias><attrtype Sync="TRUE">String</attrtype><attwidth Sync="TRUE">50</attwidth><atprecis Sync="TRUE">0</atprecis><attscale Sync="TRUE">0</attscale></attr><attr><attrlabl Sync="TRUE">LOCATION</attrlabl><attalias Sync="TRUE">LOCATION</attalias><attrtype Sync="TRUE">String</attrtype><attwidth Sync="TRUE">35</attwidth><atprecis Sync="TRUE">0</atprecis><attscale Sync="TRUE">0</attscale></attr><attr><attrlabl Sync="TRUE">COMMENT</attrlabl><attalias Sync="TRUE">COMMENT</attalias><attrtype Sync="TRUE">String</attrtype><attwidth Sync="TRUE">254</attwidth><atprecis Sync="TRUE">0</atprecis><attscale Sync="TRUE">0</attscale></attr><attr><attrlabl Sync="TRUE">CONTRACTNU</attrlabl><attalias Sync="TRUE">CONTRACTNU</attalias><attrtype Sync="TRUE">String</attrtype><attwidth Sync="TRUE">6</attwidth><atprecis Sync="TRUE">0</atprecis><attscale Sync="TRUE">0</attscale></attr><attr><attrlabl Sync="TRUE">FUNCCLASS</attrlabl><attalias Sync="TRUE">FUNCCLASS</attalias><attrtype Sync="TRUE">String</attrtype><attwidth Sync="TRUE">100</attwidth><atprecis Sync="TRUE">0</atprecis><attscale Sync="TRUE">0</attscale></attr><attr><attrlabl Sync="TRUE">CREATEDBY</attrlabl><attalias Sync="TRUE">CREATEDBY</attalias><attrtype Sync="TRUE">String</attrtype><attwidth Sync="TRUE">50</attwidth><atprecis Sync="TRUE">0</atprecis><attscale Sync="TRUE">0</attscale></attr><attr><attrlabl Sync="TRUE">CREATEDWHE</attrlabl><attalias Sync="TRUE">CREATEDWHE</attalias><attrtype Sync="TRUE">Date</attrtype><attwidth Sync="TRUE">8</attwidth><atprecis Sync="TRUE">0</atprecis><attscale Sync="TRUE">0</attscale></attr><attr><attrlabl Sync="TRUE">EDITEDBY</attrlabl><attalias Sync="TRUE">EDITEDBY</attalias><attrtype Sync="TRUE">String</attrtype><attwidth Sync="TRUE">30</attwidth><atprecis Sync="TRUE">0</atprecis><attscale Sync="TRUE">0</attscale></attr><attr><attrlabl Sync="TRUE">EDITEDWHEN</attrlabl><attalias Sync="TRUE">EDITEDWHEN</attalias><attrtype Sync="TRUE">Date</attrtype><attwidth Sync="TRUE">8</attwidth><atprecis Sync="TRUE">0</atprecis><attscale Sync="TRUE">0</attscale></attr><attr><attrlabl Sync="TRUE">GlobalID</attrlabl><attalias Sync="TRUE">GlobalID</attalias><attrtype Sync="TRUE">String</attrtype><attwidth Sync="TRUE">38</attwidth><atprecis Sync="TRUE">0</atprecis><attscale Sync="TRUE">0</attscale></attr><attr><attrlabl Sync="TRUE">SHAPE_STLe</attrlabl><attalias Sync="TRUE">SHAPE_STLe</attalias><attrtype Sync="TRUE">Double</attrtype><attwidth Sync="TRUE">19</attwidth><atprecis Sync="TRUE">0</atprecis><attscale Sync="TRUE">0</attscale></attr></detailed></eainfo><mdDateSt Sync="TRUE">20181017</mdDateSt></metadata>
